,cleaned_text
0,kaka tidur yaa udah pagi gaboleh capek
1,makan nasi padang aja badannya
2,suka cukur jembut manggung
3,hai kak isyana ngefan banget kak isyana suka lagu kak isyana lagu didalam jiwa
4,manusia bidadari sih herann deh cantik
5,ayu kinantii isyan skrg berubah ya baju nya nakal
6,gemesnya isyan kayak tango berlapi lapi ciaaaa
7,jelek aja anaknya ayahnya cakep
8,anaknya kayak udah tua gitu ya mukanya kk tasya
9,muka anak nya ko tua banget yaa gk ngegemesin gk lucu nya
10,muka nya muka kolot wkwk muka bayi lucu gt
11,udah gila orang wkwk udah jomblo psikolog ga laku ya
12,lo sintingnya udah tingkat dewa
13,lutfi putu dgn salsa orang stress
14,anak tolol aktif ya bund
15,mati aja ga gedeg gua liat lu anjim
16,woy lutfi asu sok asik lo anj
17,apasih kontol berantem aja ayo bngst lutfiagiz
18,pelakor plu hamil nikah ya pantesan anaknya kyk gini modelannya
19,anaknya udh pinter maknya kelempengan berasa babi tingginya azka aj melebihi mamanya
20,anak yg cerda terbentuk dr pola asuh pola didik ortu yg cerda sih saranya sesimpl
21,iri motivasi
22,ancur hidup lu sumpah
23,serem banget muka lo mel kayak ayam potong merah banget
24,yaudah jd pengusaha kulin aja gausah arti makanannya emang bikin ngiler sih wkwkw
25,emang cocoknya pengusaha kulin udah fix semoha lancat terusssss
26,sejelek imag owner ya arti up arti hallo langsung orang tau imag lu jelek gentong
27,sih gak hidupnya
28,unfol bilang najissss
29,muka lu sensual norak dah
30,udah gk jaman ngebulli orang hey netizen mend ngaca kekurangan
31,pa penempatannya sebenernya imut banget loh mel
32,cakep kaga jelek iya hahah
33,jari jari kaki kayak jarinya tukang panggul
34,kakinya kek hamil tua ya bun kaki gajah ayuugsia
35,suka heran yg ngehina fisik bener ya pendosa
36,diedit biar langs mah klo live bomber badannya
37,kakinya gedong sayyy kek kaki jantan upp suka berbaur ama warwerwor mahluk astral yg kakinya gedong
38,bagusan foto pakai masker drpd gak pakai masker
39,rosameldianti kakak foto memeknya keliatan tebal memeknya kakak bengkak yah
40,bra nya kedodoran kak make ukuran gede yaa
41,cantik seneng usahanya membuahkan hasil semangat ya mel semoga pribadi
42,mba gk sih gk merem melek gitu matanya kaya orang cacingan
43,semoga lancar usahanya mel
44,cantik banget kalo meldi muka natur kek gini
45,lu diem aja cantik mel kalo ga gaya seriu
46,kaku kek kanebo kere hahaha
47,glow say natur kayak gini bagu tambahin prestasi nya ya say
48,meldi emaknya buka klinik totok aura kayaknya anaknya gak ditotok ya auranya gak keliatan yg butek
49,muka lo pasaran mel pasar sapi noh
50,maap gua nyamain lu dugong emang
51,iya lo monyet mel
52,bagusan pantat panci a atuh anjir
53,ya emang ga muka muka badak muka beton ga malu
54,mbak meldi cantik ya rahasianya
55,lengannya gempal banget sih haha
56,fix komen nyela
57,udah ka gausah digubri gausah dipikirin bersyukur aja nikmat tuhan udah dikasih kaka gausah ngatain orang ka tetep bersyukur nikmatnya
58,jari jari nya gede gede banget pa ngiklan makan ikan danau hambar jarinya kayak jempol hawak bener
59,disamain muka rosameldianti orang oi mintanya disamain babi
60,ga dibawah meldi setara kekurangan kelebihan
61,ka mel gausah merendahkan orang bersyukur aja diata langit langit
62,mukanya gak dibantu kamera dekil kumel
63,wanita cantik suka ah
64,meldi udah kontrak endors skincar ya mukanya jelek si
65,gila netizen sempurna ngehina orang
66,dah ngembang habi cowo meldi enak ya otak atik
67,muka kayak elo pasaran murah
68,muka buluk kepedean muka udah tua
69,muka lu kaya tai wkwkwk
70,sakit jiwa upil gajah kasihan
71,jelek buntut kuali hahaha
72,meldi kurusan ya cantik make up
73,elu semoga semakinlebih akhlak etikanya
74,mbak mell sehat suks ya
75,aamiin doa meldi
76,selamat mbak semoga pribadi amin
77,meldi cantik loh tinggal dibenerin akhlak adabnya sip
78,pengambilan fotonya bagu mantap keren tinggal pengambilan arwah nya aja
79,nggak cantik cantik nya hahaha
80,kasian editornya sih nanggung dosa banget kayaknya ngeditnya offsid gini
81,dewi persik ya
82,julid meldi gak nyusahin
83,foto w masukin museum aja ya ga nya
84,nggak ngumpul bareng mami isa gembrot disana
85,lagu lu ga laku ya mel
86,lututnya hitam gosok mane biar cling cantik
87,suka heran warga sukanya ngehujat orang mulu pahala kagak dosa mah iya
88,cantik aja rosa meldianti
89,ular dugong
90,suka ya harmoni
91,cantik banget pakai baju kayak gitu
92,jujur ya kalo anteng ga cantik mel
93,cowoknya ga cakep cakepnya
94,foto tiru kalo video wariorr mukanya kek donat gak bentuknya
95,sekian foto dipost cantik
96,arti abal abal muka putih tangan hitam ager atm nya udah isi
97,muka kayak penuh tekanan banget
98,rosameldianti cowokmu wajah nya culun cupu kayak om
99,masyaallah cantik sopan anggun
100,kang ojek kali belang tangannya
101,seneng liat pasangan cewenya hujat indonesia tetep setia nemenin
102,memutuskan tumbal apart
103,cantik mel semangat dietnyaa
104,tangan paha haha
105,mel keliatan cakep
106,mukanya kayak ngeden pa boker
107,aduuh halu hhahaha lebay editan nyaa lemak kemana lemak hahhaaa mimpi ketinggian
108,salfok kaki cantik banget asli
109,dy buset cantik diedit aja mba coba dah aslinya dah kayak buntelan kentut
110,hitam putih kek kopi luwak
111,palsu badan diedit tu aslinya dimana lemak
112,udah kontrak skincar ttp aja buluk mel
113,heran netizen klo gk suka diliat aja
114,suks yah ka rosameldianti semangat
115,jujur suka meldi suka ngehujat orang
116,sumpah aslinya muka lo lebar kayak baskom loh mel rosameldianti
117,berkarya tero meldi walo ga yg nuntun
118,astaghfirullah seram ya bun ular jelmaan makhluk halu ya bun
119,heran cowokpun ngebulli sabar meldi
120,astaga ratu edit muka sumpah seren kayak film setan gitu
121,matanya kayak katarak anjir ahahah
122,caption aja copa cantumin credit dasar ibli
123,unfol aja dosa ngebulli
124,meldi perhatikan orang china deh cantik
125,editan softlensnya mbaknya kayak ratu titisan ular wkwkwk
126,kasihan ular dibawa bawa gak ular pantasnya bunglon buaya
127,maju tru ya sayang abaikan orang yg comment menyakitkan
128,kasihan ya rosameldianti hidup cuman bahan hujatan masyarakat mubadzir banget deh hidup lo napa gak bunuh aja
129,semangat mel bahasa ase mah berani entarnya
130,beda d foto yaa lebar banget mukanya maaf foto editan ya
131,meldi kadang mulut ku rem kehaluanmu bangga berusaha mu yuhuuu
132,lupa edit ya tu muka melar
133,semangatt kesalahan belajar bahasa ase pembelajaran utamanya kesalahannya ga terulang
134,kereennnn bulli an netizen menjadikanmu belajar
135,hiiihhh jiik lihat nih orang auranya buruk bgt gak mani manisnya
136,semangat belajar ya uga gak bahasa inggri
137,niat keberanian
138,salut mel semangat belajar yg ngetawain berani
139,gpp mel semangat belajar trusssss gampang nyerah pokoknya rosameldianti
140,ngaku belagak pintar
141,kalo ngarep ikutan kont miss earth le inggri biar lidahnya gak keseleo
142,postingan ya bund netizen menghujat
143,happi birthday mel sehat suks yah aamiin
144,happi birthday kak meldi imut n ngegemesin suks
145,ya ampun ketiak lemaknya editan parah wkwk
146,ketiaknya habi ampla mel alu banget
147,udah diedit gitu ketiak lu hitam
148,selamat ulang mel udah yah tingkah
149,mukanya kune banget kaya kunyit
150,selamat ulang meldi suks sehat ya
151,fotonya cantik ihhh biar gak kena hujat ihh mah kasihan
152,hbd meldi semoga suks umur rejekinya lancarkan amin
153,perasaan kemarin lengannya kekar banget kek petinju udah gitu ketiaknya hitam difoto lengannya ketiaknya putih kek dibedakin
154,selamat ulang kak rosameldianti banyaknya sadar panso yah amin
155,hbd cantik semoga kedepannya suks
156,hbd mbak mel cantik panjangkan umurnya sehat
157,berdiri kaki
158,biar edit kaya aja ketiak hitam nya ga bohongin
159,sumpah apapun lengan nya gede banget
160,selamat ulang umur ketemu dajjal
161,ketiak hitam buluk lu edit nutupin daki diketek lu aka hitam ketiak lu dasar dugong rosameldianti
162,atm tinggal ribu aja gaya lu dugong
163,gak bagu nya suara polanya
164,si meldi jelek aja gaya beda banget sm tant n sepupunya udah cantik
165,dah berubah gak kayak gue lihat
166,ngedit ketiaknya dah ya amp ngeblur pisan putihnya kek cat tembok
167,aduh dugong aja gila filter
168,muka aja didempul ketiak
169,kasian kebelet arti gak bakat
170,peliharaannya lepa tolong diangkut
171,miri banget ultah didoain bulli kasian god bless u mel
172,mudah mudahan lu gembel amin ya allah
173,ketiaknya hitam dikasih bedak nya abu monyet
174,heran gua mah gasuka gausah follow dah tau ni akun privat kalo lu follow ngebuli tanda nya lu sirik gasuka ya gausah diliat kaya sempurna aja
175,gua berharap lu aja si yg sakit laura lol
176,lo aja menderitaaa lora anj
177,gaga sempet beneran lora lo tinggalin lo orang jahat ga lo gak bahagia ga
178,lu bener ga kalo sempet nyakitin lora gue santet
179,si gaga kek anj
180,semangat gaga liat kebelakang foku aja kedepan muda yg
181,gak cantiknya gila
182,meldi bersinar yaaa pertahanin karir jgn sia siain
183,semangat apapun dalah dimata pembenc
184,asli gak bebet bobo ni anak kasihan
185,kumat semedinya segini keluarnya
186,tangannya hitam beda ama muka
187,meldi foto gendut beda
188,gatau sih cantik gak aura nya cantik idih gitu lihatnya yaa
189,buruk nya buruk mata ga menyukai mu
190,gila ni siluman stori orang keliatan banget tumpukan lemaknya buriknya
191,dasar bego lu gua jijik lu bro kayak gak otak banget
192,lo lo bagu tuh anj wkwkw
193,maafin aaa semoga jera kedepannya
194,eh bocah mend lo mati aja gak orang kayak lo hahahahaha
195,btw video boong nya pa gak percaya lihat tribun news hujat ya
196,okay bro kalem aja semangat putu asa
197,lu mati ajalah udah biar gak bikin ribet
198,sampah masyarakat musnahkan
199,mati kau naji kontol bangsat mati kau
200,youtub toxic tutup akunmu tutup usia
201,ribet kayak udah aja lu
202,hitam diata putih langsung prose
203,sayang anaknya ya serahkan aja polisi biar didik
204,manusia hewan sih gak hati banget
205,manusia anj nyari uang gitu lo kerja aja gue nyebokin gue ntar gue gaji lo
206,maklum anak pendidikan kayak gitu gak akhlak
207,anj anak gak tau ibunya nangi
208,oi babi gue bunuh lu sumpah
209,heee sampah lu udah gua maafin boong goblok
210,anj lo baku hantam ayo
211,bangkit ya bang lemah pelajaran ujian lu bang
212,patah semngat kak suks
213,semangat ferdian gausah dengerin orang hujat manusia luput kesalahan
214,sumpah respect banget
215,menurutku pribadi tulu maafnya
216,dikasih bidadari maunya boneka santet
217,ilang respect gue jane udh setia bgt lu lu nya main cew pa udh dri penjara lol
218,hapu ajh ni poto ngk tau malu bgt lu bang
219,intinya gasuka ajg listi ngrusak suasana
220,foto anj kontol
221,kasian banget jane udah nunggu penjara eh taunya waw sakit siih
222,puni cewk selingkuhin g ngotak
223,inget yg potong nya hubungan nya kalo udah gini sembeleh aja orang nya udah terlanjur kecewa
224,konten putu foto tabi jessica engga dihapu
225,makan dibikin ama jess tpi ngehianatin gila sih
226,parah lu bang nama lu udh rusak karna narkoba nambah ajh truss
227,anj ya erick
228,muka pa an sok sok an sm lont lo anj
229,lu anjingnya anjingnya
230,ih babi jgn megang tuh anj harga dripada lo
231,santuy aja bang ga tanggepin btw gw suka gaya lo
232,narkoboy kontol maen cew nyakitin doang lu anj mati aja lu bego
233,tetep penjara aja ajg nyusahin lo
234,cew cakep setia disia sia in sahabat
235,loh ak liatnya anj yaa
236,anjingnya guy gue liat babi item
237,mantan anj eh kebalik anj mantan
238,bikin skandal kepengen tenar
239,wiii anjay liat babi megang anj
240,foto babi memeluk anj yg pemilik nya bidadari
241,babi g pant nyentuh anjingnya bidadari kotor
242,anj foto ya
243,potret seorj memegang anj kwkw
244,heh udh napa hate nya cape gw baca nya
245,ganteng anjingnya eh eh lu ga pant anj anj setia pantesnya sih babi hahahaha
246,kalo lomba an sm babi babi nya nmr
247,si anj berfoto si anj
248,kak jessica yg nungguin setia sm kk loh pa ad kmrn kk ga ngehargain lbh milih yg d sono
249,erikontolim manusia babi anak lont
250,hargailah hati wanita udh tulu nemenin lo
251,bagu sih erick mutusin jessica ya karna erick kelakuan ny begituu coba liat jessica
252,anj hebat ya pake kacamata
253,sdh lh nasi udah jdi bubur ga dibentuk kek semulaaa
254,kukira kehadiranmu kebanggaan
255,ajg yg tato bener ajg
256,dasar orang tua gada akhlak ngajarin anaknya ga bener
257,erik sih jelasin gw ga updat maap
258,eh anjingnya ci jessica gua lempar lu
259,guy dr pd comment mend unfol sm unsubscrib aja yaa
260,babi main ma anj
261,dikasi bidadari pilih babi
262,postingan jg dihujat gila netijen
263,kali lihat anj babi baikan
264,dikasih bidadari milih setan
265,gw g benci ama lu bro tpi aja tingkah lu melenceng
266,sikap mu naji ludah anj
267,njir udh nih poto post yg komen
268,kesini cmn mo liat komen aja
269,buset hate comment amp postingan
270,foto upload nya maret comment jam jam jam yg
271,pant utang bayar lont
272,tutup botol muka lu kek kontol wkwk
273,astaga pagi dibikin ngakak ama komenan netijen yg ngmng suka bener
274,dah gw capek baca komen
275,keliatan bgt anjingnya ketakutan foto dakjal
276,astaga ngehujat samp postingan
277,naji elu anj
278,ekor anj buaya makan jambut
279,kalo disuruh melihara anj eric gw pilih anj aja naji najisan erick kontol
280,ngapain si ngejudg mikir putu kejadian tolol
281,hargai wanitamu didekati pria memilihmu
282,sipat anj anj doang ya manusia sipat anj
283,potret anj poto setan
284,bantu bedainn woyi anj babi
285,udaah woii udahh lu gak kasihan capek ngelik komenan
286,anj anj berwujud manusia anj asli perwujudan aowkwkw
287,kasian gue anjingnya dipegang dajjal
288,kasian anj nya pegang babi
289,lo kontol gak ajg anak dakjal
290,mukak lu buruk anj lu
291,dikasi bene milih dakian
292,mend masuk penjara aja dah seumur hidup
293,lbih lucu anjingnya ya ktimbang orangnya
294,jesica lepa kamb hitam
295,maafin aja bro orang kesalahan kesalahan nasehatin aja tau berubah
296,kasian anjingnya dipeluk sma sampahh
297,gua penjara berubah
298,cintamu sebata kerta wkwkw enteng bang
299,jane respect skrg bener udah hilang respect
300,udah nemenin tersulit lo pa udah selingkuh ga nyangka idola gua sesampah
301,dihujat habi an postingan komen wkwk
302,gua gabisa bedain anj manusia keliatannya
303,lu anaknya kick andi yg namanya marlo bang
304,orang karna orang jahat
305,ngga niatan ngadain pengajian gitu bang
306,suka banget rambutnyaa ganteng
307,abatartila aja kaya gini bilang king king muke nya udh kaya tai musang
308,ninggalin berlian tai babi dih
309,ganteng kaga lu keliatan kaya daki kontol
310,mukak lo kayak tapir kuda asu sok ganteng banget lo
311,yg kecewa lu rik
312,maap ye muke lu udh jelek kaga sok selingkuh cakepan anj gua noh
313,si hebatnya banci yg badannya penuh koreng kaya lo
314,gini bersihan kaga kek dekil
315,muka lu keriput kek aki aki
316,foto jelek dihujat foto ganteng dibilang sok ganteng
317,kebanyakan nyabu kuru lu
318,narkoboyi ngeluarin lidahh ajg te urin
319,fotolu pede anjrit muka lu tu anjrit
320,hidup jngn boss playboy ajg luu
321,mukalu kek aktor bokep bgst mend ngobat aja luu
322,dah jelek semangattt pulak wkwk
323,muka nya gitu seren bikin mual liatnya
324,anj ngew ama lont bangsat
325,muka kek kontol mend penjara
326,muka kek banci dih naji
327,ntar mati konyol
328,bilang jelek nya ga enak hehe
329,idihhhhh pantesan aja foto nya keluarin lidah kyk gtu trnyata tukang jilat
330,nih orang kalo lomba babi babinya juara
331,titisan dakjal emg lo nyet
332,et muka lu aje gitu dih hahaha biarin aja sampah ketemu sampah biar busuk
333,jijik astagah sok bat cakep nj
334,bulli an ig ngeri fb ajg gua ngerii ajgg
335,udah buriq brengsek pant aja dapet lont
336,muka kampung gaya sok soan kota nyet
337,ngapa lidah lo stroke amin deh gtu
338,ciah dihujat indonesia samp bunuh ya komtol blom pua nguat kauuu
339,org kampung otak dusun gaya sosoan hype ttep aja gabisa nutupin muka babu lu
340,cowo foto liatin lidah nya jam ah jijik gue minu akhlak kek gini
341,anj gue jg ogah liat muke lu
342,g bole melet dosaa rik
343,paan melet melet jilat tai tabi
344,setan emg melet teross jijik asuuu
345,ni anak lahir krna kondom bocor ga syukur muka kyk selangkangan gorilla dpt cew cntik kyk jessica setia dll sia in bgsad
346,si melet sok ganteng
347,muka kek slangkangan biawak aje bnyk blagu lu
348,sumpah sih jahat banget bener kasian kak jessica
349,anj gk pant bidadari
350,melet mulu setan kaya ular
351,njr melet melet gw kirain hewan
352,gtu aj dh kek anjg lo kang
353,gw kesini pengen liat babang sumpah feel gw bener banget ama reynhard sinaga
354,ih ko melet si kaya hewan aja wkwkwkwk
355,iuu milih ibli drpd bidadarii kwkwkw jyjyq
356,melet udah kaya anj eh emah anj
357,ga nyadar aja nih sampah haha
358,lidah kuman and viru nih
359,ngira baju endors kfc
360,gua lo berkarya perbaiki tinggalkan yg negatif terlambat ttp orang yg hebat bahagia xrickolim
361,cita cita pakboi eh narkoboy nasib nasib
362,napa lu penjara sih
363,mend lu tobat dah
364,dipenjara apalo sikat gigi bau ya baubau aroma bangsatttt
365,gigi lo apanya jigong kondom nya nyangkut
366,ih mukanya kek anj rumah gwa
367,woi anak anj ngapain lu hidup bgst
368,udah jelek gak d jelek in bro
369,ganteng kagak berbakat kagak kelebihannya dimana cobak
370,benci aja ama orang jelek pake selingkuh
371,udah tutup mulut nya bau kamb
372,jualan jualan knp ngga yutub bro takut ngga yg nntn yah
373,kayak randi pangalila klo gk pake kacamata
374,knp liat muka bg eric kaya enak gitu yg
375,ganteng nyasih anj kucel gini jadiin model
376,keknya ngeliat hancur deh
377,ingett hidup lo ga seenak rikkk hidup lo susah salam temen smp pa lo burikkk eh skrg aja
378,yaaaa yaaa kalo liat muka nya sumpah ngeselin banget dah oprasi sono biar gantengan dikit kalo jln mall gk kenal orng
379,sih arti jelek mah iya mukanya iyuhhh
380,era lo mend lo mati aja babi kalo baca bale nyet
381,segenap hati maap
382,bahagia utang
383,maju berkela rik ga jamannya lg toxic ga beraturan build sistem you will be big
384,editan konsepnya nice banget lahhh
385,iri babi hahah naji
386,lo kaya anj kaya babi
387,jelek aja tukang selingkuh lo buriq
388,komennya kek gini ya
389,rick lu tuh manusia kek gk gunanya lu dilahirin kedunia berbuat sayang nya lu ngecewain org gimana mo masuk surga
390,kaloga cocok paksain
391,ya biarin xrickolim gatau gimana aslinya ambil keputusan kalo udah takdir gaada nentang njir
392,cocok emang orang mah org kalo yg bejat mah emang cocok bejat eheh
393,erick goblok pacaran ama lont anj so bat
394,cocok banget orang gak bener biar hancur
395,eh kek penampakan lont
396,meninggalkan berlian tai sapi
397,era lo lgi wkwkw skrng lo penuh cacimaki telen ludah
398,pant mulainya si ajg berulah
399,open bo ga bang si listi om om yg nyari cwe yg udah pengalaman
400,buah nangka buah kemanggi gak akhlak lu babi
401,perlahan karirmu ancur bro lu kebawan
402,biarkan sk offici bangkrut aja ceo nya gatau trimakasih haha
403,ngapain nginap rumah cowo gaada keluarga lg lo
404,eh pelakor pa banget frame orang
405,anak gblk dikasi berlian milih kerikil
406,dikasih bidadari milih dajjal awokawok v
407,cuman ngehina sadar ga sempurna kaya
408,kesihan gue org otak dangkal kek gini
409,murahh banget lo jijik gue dikick evo mlah open bo
410,senengnya nyesel nya seumur hidup miri banget hidup lu tolol meninggalkan berlian indah dipandang sayang segump tai kuce
411,indahnya pemandangan lont lont jual
412,bidadari ditunjukan mmg g pant sma dajjal g tau
413,tolong kasih tau nya apaa gai
414,dikasih hati yg malaikat milih yg berhati ibli greget
415,kasih bidadari pilih kotoran
416,dikasih bidadari lont
417,gajadi beli model murahan barang murahan
418,modelni aja murahan barangnya
419,muka macem pengamen gegayaan selingkuh untung udh ga sm jane lg kebant sm jane muke lu
420,male beli gua gara gara lont
421,bulug gini ya mukanya ehh maaf
422,cantikan jessica kemana
423,dikasih bidadari milih sampah
424,yaelah muka pa an aja bangga lu njing
425,milih ibli bidadari haha
426,rangga kanahaya knp gk truck sampah kek mukanya sampah
427,gajadi beli takut ketularan lont nya
428,hujatan klean kasian si listi kontrak nya d copot hujat dunia sgt kejam
429,beli baju lont entar kena sial
430,dasar cew lo lont tau kau
431,dah gapaham tolong
432,ditengah manusia monyet kulitnya bercorak batik
433,muka lu anj gwe ganteng anj gwe rik
434,pen lont jgn tkut listi miskin krna dipecat krna bsa kaya lgi dgn ya nglont
435,etdah ninggalin lont situ wara ma wkwk
436,gw cewek murahan postingan
437,sebelah kanan batik orang dah warna nya kek taek babi si
438,ih ko muka jelek banget siii serem kek setan
439,foto ketiga jablay murahan
440,jelek aja tukang selingkuh lo buriq
441,emang suci nghina segitu nya
442,mend follow unfollow udeh gausah ribet
443,dekil tatoan mampu karir lo hancurr pantek
444,udah berlian milih batu nisan
445,alasan setan ama setan karna kalo setan bidadari sayapnya rontok dicek digigit dijambak
446,erick gak akhlak jelek listi jelek
447,setan ma setan mahh emg cocokk ude
448,lont kuru pucet kek mayat hidup
449,muka tutup panci wkwkekek jelek nya amp ubun ubun
450,xrickolim smngat tru bro tiada manusia yg sempurna kmu bangkit n gbu keepstrong
451,bego anak orang udah ga perawan noh gara lu wkwkw
452,frustasi habi uangnya kasihannn
453,bro lu yg ngehujat erick tpi masala sok kera
454,semangat rick usaha barunya
455,hadehh muka kaya tong sampah
456,banget omongan kasar tobat kawan kawan comment kasar nya
457,ni org jelek ga obat jj liat ya
458,semangat bang orang ngejudg lu peduliin
459,tuhan yesu semangat rick
460,bale komen hate bang bikin sakit jempol mend berkarya
461,eh lo nyadar ga udah dekil tatoan nya kaya daki haha
462,jelek dapet selingkuhan jelek keren yaa imbang wkkw
463,ngehina fisik ni orang ga bener ya wkwkwkwk
464,bunuh sono goblox
465,sabar komentar ujian
466,santai rick yg ngehujat lo belom tau perjalanan hidup lo aja sok suci
467,sabar yah tetep semangat ngejar karirnya dengerin orang ngebacot komen doank
468,erick masuk neraka jalur selingkuh bo
469,tr berkarya brd titik sprti
470,stop ngatain orang lu yg ngatain orang ngaca dlu ngatain kayak suci aja hidup lu
471,ngatain keknya idupnya gapernag bikin kesalahan
472,gila kau karna gak laku youtub
473,kasian yah sdh stress
474,jatohnya kek ajg sih rikkk
475,karir turun auti kasian hahah
476,erick kek gini gua kangenin keep it up bruuh
477,udah auti iya bg awokawkk
478,kasian muda udah stresss
479,komen yg support ketutup yg hate bgst emang ig
480,maudi cantik na natur bnr cantik bgt cantik dlm
481,bikin konten youtub student life at standford maudyayunda s at oxford fansmu nungguin nih
482,aura org pinter emg shine ya bun hy dindut
483,paket lengkap deh udh cantik pintar
484,sukaa bnget sm arti nggak neko natur bngett
485,cantik pintar bertalenta ortu yg gak kepengen anak kyk mba maudi
486,idih mak lampir diband uya ma lu lu butiran debu lu diken bacot rajin ngaca deh
487,anjirlah muka lo kek kuntilanak sok cantik
488,mbak cadel yg bangga cadelnya sih kasihan karna cadel jijik gak bisu aja
489,uda pinter cantik gak kebanyakan tingkah perfect
490,hati hati modi jaga jaga serangan brutal rasism wajahmu sekila onni korea waspada
491,bikin konten youtub daili activ stanford kak maudyayunda
492,motivasi ku ka maudi cantipp bngt
493,semoga kecerdasan mbak maudi bermanfaat agama nusa bangsa aamiin
494,damag nya cewek pinter gada lawann
495,cantikan berisi kuru bgt kuru auranya
496,cantik sih sayang kuru ya padahl udh nikah lo bahagia pernikahannya
497,good vibe lapar
498,kakak cantik bgt bismillah cerdasnya nular
499,bego lu alam semesta seisinya serentak murka mendengarkan lagumu
500,nya cantik banget masya allah
501,ka nisa ariana grand
502,adiknya kak maudi cantik pinter aura positifnya ramah lemah lembut rajin sholeha
503,sekila yg abu ariana grand haha
504,nya ariana grand
505,kakak adek cantik ya suka duanya
506,rambutnya kak modd bagussss item berkilauu
507,cantik congrat kak msuk nominsi tc candler
508,maudi enak bet dah cantik iya pinter iya
509,kukira dedeknya berdiri mukul bang jer pake ukulel salah salah
510,bang jerom klo nyanyini kek gini bagu suaranya ganyangkaaa
511,sutan lucu menggemaskan
512,bang vidio bareng sutan kayanya seneng ama bang jerom
513,klu jeromepolin video berdua aja seharian anak hahah lucu gimana riwehnya
514,muka lu cabul banget sih bg hahah
515,raut mukanya aja udh org kalah judi makan enak
516,kak jerom kayak boneka tau hahah
517,mukbang makanan sehat kak salad jepang gituuu
518,yakinin niatnya bg semoga suks
519,bang nonton kerja jepang bermanfaat bgt kontennya jd gampang kalo nyari jepang
520,cuman rumu diet yg ga dipecahka ya bang
521,perut maju tpi semangat maju
522,pantesan kak jessica bilang bang jerom beruang wkwkwk
523,aduhh susah klo urusan sma jerom rumu matematika bahasannya daya diriku yg suka bh inggri drpd matematika
524,kaya tulu ya mukanya klo diliat
525,kak jerom trik biar paham cepat rumu matematika dung
526,x baca caption mikir pakai kalkul cuyyy hahaha
527,sumpah si kak kemeja jean bikin keliatan seger bgt mantap mantap
528,ama aktor korea yg main film repli yg kaka nya jung hwan wkwk
529,iya bang jer berbeda klo pake style kayak gini fresh anak gaul
530,klo style gini pa gitu bang sma umur lu yg msh muda keliatan lbh fresh aja sesuai sma umur
531,dewasa imutt aih cipaaaaaa
532,maniss bangettt pengen dah senyuman mani kayak ka syifaaa
533,nih orang mani bnget sihh ga ngerti
534,kakak pinter nyanyi ya syifahadjur suaranya bagu kak
535,gk salah kalo kak syifa cantik mamahnya aja cantik bgtt jujurr
536,lelaki yg km lelaki yg beruntung
537,bgt ayahmu kalo adikmu bgt mamamu
538,kakak udah cantik sii cantikan kalo pake hijab
539,gemeshh kaya pengen cubit
540,angelkmgi cute sih ganteng parah msh jg
541,pengen gw pacul mulut lo woii anjeng busuk
542,blg org arti cewek yg menurutku cantik syifa ziu
543,ka cipa tu uda cantik mani bgt manisnya tu nglebihin gula
544,sekila cantikkan syifa
545,setuju g sih si tetep cntik bgt g pke make up g pke make up pucet bgt kyk g makan setahunn
546,dahlahh emang cantik kmu cippp
547,muka cantik make up hini bahagia bgt kali ya yg suaminya liat bidadari harinya
548,suka bgtt sm kak cipaa orangnya humbl sm orang temannya
549,arti remaja indonesia yg mani bgt kalo senyum deh perasaan yg nempel hati
550,doakan perempuan yg bernama nagita sehat bahagia lahir batin sayang sm
551,rafathar nya mantul ni pulang nggk jd nginep karna nggk temen mamani d rmh papani pulangg jd jagain temenin mama ya aa
552,kultur kerja kaya gini gw bagu si ga kapitali banget petingginya kerja ngevlog endor semoga gaji ga senjang si haha
553,senang kerja ran mbak gigi nggak ngebossi
554,seneng yaa lihat orang suks meet ya allah pengen suks kayak gitu biar statu instastori
555,smga kelg crew sehat rejeki tr lancar ya kak gigi
556,foku nagita pa minum sempet baca doa keren bgt hasil didikan orang tua nya
557,kasihan ya nagita suami kerjaannya berzinah
558,koreaabl banget face rafathar cakep ganteng mani banget
559,masyaallah rafathar ganteng bgt gk kuat ngeliat alisni
560,siwon ya perasaan gw aja
561,lucunya berasa kayak kaka adek
562,wajah nagita kya umur an
563,foto no edit edit ya saayi kamera nyaa bene model fotonya bene gak pakai filter tipu tipu
564,look nya rafathar emang gak dipungkiri diborong gen mama gigi haha
565,nagita kaya anak muda coba cantikk bangeett
566,masyaallah mamani cantik anakni ganteng perfect
567,kaya adek kakak kak gigi keliatan muda banget
568,gede aja rafathar ya pinter ya rafathar
569,mama gigi rambutnya pirang cantik muda
570,ootd mama gigi simpl elegan nya masyaallah
571,masyaallah mamah gigi bene bet dah sehat mamah gigi dn keluarga
572,mama gigi ketemu gajah gajahnya seneng ketawa gitu ahhaha
573,ya allah ga tau knp ak suka lihat nagita pake dress modelnya cakep cakep
574,i see beauti in everyth mba gigi sehat dede bayi nya
575,mama gigi cantik banget look younger than her age love mama gigi
576,semoga adeknya rafathar anak tangguh kuat cerda
577,pakaian apapun yg dipak mama gigi kecee
578,terima kasih kak nagita raffinagita support molli si gajah satwa satwa bali zoo kunjungannya keluarga
579,kaya ny gajahnya merasakan aura positif nya mb gigi sumringah jg gajahnya loo
580,mani banget mbak gigi masya allah hamil bersinar
581,mama gigi gapernah ga cantik sih kalo
582,semoga sehat bayi kandungan nya ibunya ya
583,cantik banget semoga sehat kakak panutan
584,masyaallah mempesona kaum adam kaum hawa
585,gak orang bangun tidur siang secantik ka yaya
586,tua muda yehh mukanya cantik bngett mo nangiss ampun cantik ka yaya
587,gapaham cakeup nya natur masyaallah
588,raisa mah tipe cantik sopan santun pakaiannya
589,ka yayaaa whi are you alway stun pretti girl
590,ya allah ni orang peri cantik amatt
591,cantik banget heran samp kanan kiri dll tetep aja cantik
592,berhenti cakep ga kakk pusingggg ih
593,cantik bajunya keren warnanya bikin pangl
594,dongggg like congratul
595,udaaaahh nontonnnnn lagunya bajunya makeup hairdo nyaaa sukaakkkk
596,raisa ngak monoton suka deh kek gini
597,udah ngunyah aja cute banget
598,penyihir secantik gue rela dikutuk tokek laut
599,ya ampun kak makan sih cantik banget
600,ya allah kek anak yg msh batita klo lg ngambek manyunnya geme hahaha
601,udah sumpah bagu banget serasa liat cerita disney gitu
602,lu gak sopan mukak lu kayak babi
603,ya allah sempurna sih ciptaanmu yg in
604,ragu aja cantiknya udh kek gini gmn kl yak cantiknya kek heran
605,keliatan ragu keliatan cantik
606,warna bikin raisa shin merah hitam putih pink and emerald
607,raisa pake baju merah sumpahh cantik bgttt
608,liriknya pendek tp susah hafal pa puter kali eh candu banget
609,kak yaya gk ngeraguin pendengar lagu nya
610,ka yaya kalo ragu tetep secantik yah
611,ragu aja cantik kak seriu
612,ngga alay ngga muluk muluk natur sukaaaa
613,seru bgt gemoy tim berkebun plu tim alam bgt niiii
614,nikmatnya menghirup oksigen beba ya
615,slide mukanya gaya aja tetep cantikk
616,mba isyana foto gelap an gini aja aesthet bgt ya
617,mba isyana udah cantik suaranya bagu kompeten ah sukaaaa
618,ga taulah suka banget gayanya isyan
619,kangen nonton konser isyan lgsg msh virtual experi nya aja gitu
620,congrat ka isyanasarasvati berkarya suks mnjd inpirasi
621,congrat kak pant mendapatkannya
622,berharap kak isyanasarasvati umur inspirasi musisi indonesia suka musik indonesia kak isyana
623,udah cantik rada gesrek ya kelebihannya semangat produktif
624,gatau serasa nonton wtf beneran jkt virtual and thankyouu for the perform kak syan keren pecah mengecewakan
625,ga lihat ka isyana live beneran panggung tp terpesona bgt ama live virtual asli keren
626,yash we the fest even virtual tetep keren bgt kak syann huaaa energi nya dpt bgt
627,keren banget sebentar mantap abi ditunggu karya ya kak stay safe and healthi isyana ku
628,makaseh jugaa kakaaa inyeeuuuu semoga pantang menyerah kakak teman musisi yaaa
629,thank you syan seneng banget kemarin haha semoga pandemi rencana dilancarkan ya syan
630,hua seneng bgt kmrn menitan tp seneng liat isyan adaptasi kebiasaan baruku semoga teratur maemnya ditunggu karya kaka
631,senang indonesia musisi ideali berkualita yg berkarya diapresiasi orang
632,berharap menghadirkan musisi dgn genr dr yg industri biar musik indonesia berwarna
633,congrat kak isyan semoga impian impian baiknya terwujud aamiin
634,bener bener idola dr musisi dipandang sebelah mata samp label musik congrat syan
635,congrat kak isyan semoga karya nya yg kakak suks teruss
636,orang stre gila
637,gua kalai tuhan gaakan gua jadiin manusia pant ga hidup orang dunia akhlaknya gaada tolol bangsat
638,nya aq nangi kalo lagu nya seiihh kalo nangi karna sake bagu nya lagu nya
639,definisi minat ketemu bakat ketemu kerja kera
640,vnagstn astaga si isyana keren banget musisi lokal selera musiknya kayak gini
641,mashaallah udh cantik pinter jago nyanyi dn mainin alat musik neng isyanasarasvati ngefan bener mah
642,gilaaaa gila gilaaaa tangan kaki ekspresi n emosi tertuang adi karya yg fantasti
643,gosh kali lihat isyana mainin alat musik kaya lihat jiwanya beda merind gila kaya kepribadiannya seriu bangett
644,sumpah allah bagu bangett kereennn merind ak nya dengerin samp abi aja amp netesin air mata
645,memutuskan fan isyana gila keren banget ya otak berdua berfungsi dg menjalankan perintah tangan kaki bersamaan
646,amz isyanaa jujur amaz banget skill minat isyana bermusik ga bernyanyi main alat musik jago banget
647,ngiri liat orang keren maen alat musik dalem banget nikmatin permainan
648,samp ga isyana sempurna org
649,inimah main alat musik olahraga jari kaki mah
